S,E,I,R,Beta
791,0,10,199,0.0025284450063211127
771,20,10,199,0.0014267185473411154
760,28,13,199,0.0011133603238866396
749,37,14,200,0.0008582872401296967
740,43,17,200,0.0006359300476947536
732,48,18,202,0.0007589556769884638
722,52,23,203,0.0007226303745634108
710,56,29,205,0.0006313744536182613
697,64,28,211,0.0005124000819840131
687,67,33,213,0.0003969829297340214
678,70,38,214,0.0005045800341561869
665,77,42,216,0.00028643036161833153
657,74,51,218,0.0004178231414331334
643,81,54,222,0.0002880018432117966
633,85,57,225,0.00047116210748039135
616,93,59,232,0.00044023772837332157
600,96,66,238,0.00030303030303030303
588,100,72,240,0.00033068783068783067
574,106,75,245,0.0004878048780487805
553,117,78,252,0.0003013863773357444
540,122,77,261,0.0002886002886002886
528,120,86,266,0.00022022551092318535
518,122,87,273,0.00022189677362091154
508,119,93,280,0.000254000508001016
496,123,94,287,0.00034317089910775565
480,129,97,294,0.0002147766323024055
470,125,103,302,0.0001032844453625284
465,117,112,306,0.0002880184331797235
450,126,113,311,0.00023598820058997051
438,130,113,319,0.0002626580999717137
425,126,120,329,0.000196078431372549
415,122,115,348,8.381351492928235e-05
411,112,123,354,0.00017803097739006588
402,111,126,361,0.0002566532417278686
389,106,132,373,0.0002921243281140453
374,113,132,381,0.00036460865337870687
356,118,135,391,0.00031210986267166043
341,123,133,403,0.0002204925804246687
331,126,130,413,0.00023239600278875203
321,125,126,428,0.0001977945903179548
313,124,116,447,0.0003029635342073372
302,123,121,454,0.00013682885446883038
297,119,116,468,0.00031928480204342275
286,123,114,477,0.0003067108330266225
276,121,116,487,0.0001249375312343828
272,115,113,500,0.00022774596564289432
265,115,116,504,0.0001951854261548471
259,110,115,516,0.00020144367970454928
253,109,114,524,0.00020802995631370917
247,101,124,528,0.0002611989029646076
239,99,121,541,0.00020747605380545662
233,96,116,555,0.00022199200828770165
227,92,119,562,0.00037019212971532223
217,89,121,573,0.0002285104924401112
211,87,121,581,0.00023500842113509068
205,85,121,589,0.0003225156218504334
197,85,115,603,0.00017656146546016332
193,75,120,612,0.00025906735751295336
187,76,113,624,0.00014197151105011595
184,66,113,637,0.00019238168526356292
180,64,115,641,9.66183574879227e-05
178,58,116,648,0.00024215420379697792
173,57,112,658,0.00015483071841453344
170,48,115,667,-0.0
170,45,104,681,0.00033936651583710406
164,47,104,685,5.8630393996247655e-05
163,45,102,690,0.00036088054853843375
157,45,101,697,0.00012612726240776944
155,41,99,705,0.00032583903551645487
150,45,94,711,0.00014184397163120567
148,43,85,724,0.0001589825119236884
146,39,86,729,0.00015928639694170118
144,38,81,737,-0.0
144,33,75,748,0.00018518518518518518
142,31,75,752,0.00018779342723004695
140,28,70,762,0.00010204081632653062
139,25,61,775,0.00011793843613633684
138,25,57,780,-0.0
138,21,58,783,0.0002498750624687656
136,20,58,786,0.00012677484787018255
135,18,57,790,0.0002599090318388564
133,19,52,796,0.00014459224985540774
132,19,50,799,0.0006060606060606061
128,22,50,800,0.00015625
127,19,51,803,0.0001543924656476764
126,16,53,805,0.0001497454327643007
125,17,50,808,-0.0
125,15,46,814,0.00017391304347826088
124,16,45,815,0.0005376344086021505
121,18,44,817,-0.0
121,15,44,820,0.00018782870022539445
120,14,42,824,0.0003968253968253968
118,16,40,826,-0.0
118,14,37,831,-0.0
118,13,33,836,-0.0
118,7,38,837,0.00044603033006244426
116,8,34,842,-0.0
116,5,35,844,-0.0
116,4,34,846,0.0002535496957403651
115,5,32,848,0.0005434782608695652
113,5,31,851,0.00028546959748786756
112,4,33,851,0.00027056277056277056
111,4,30,855,-0.0
111,4,28,857,0.00032175032175032174
110,5,26,859,-0.0
110,5,25,860,-0.0
110,4,23,863,-0.0
110,3,22,865,0.00041322314049586776
109,4,19,868,-0.0
109,3,16,872,-0.0
109,3,14,874,-0.0
109,3,13,875,-0.0
109,3,12,876,-0.0
109,3,12,876,-0.0
109,3,11,877,-0.0
109,3,11,877,0.0008340283569641367
108,4,11,877,-0.0
108,3,12,877,-0.0
108,3,9,880,-0.0
108,2,10,880,-0.0
108,2,9,881,-0.0
108,1,10,881,-0.0
108,1,10,881,-0.0
108,1,9,882,-0.0
108,0,10,882,-0.0
108,0,9,883,-0.0
108,0,9,883,-0.0
108,0,8,884,-0.0
108,0,5,887,-0.0
108,0,5,887,-0.0
108,0,5,887,-0.0
108,0,5,887,-0.0
108,0,4,888,-0.0
108,0,4,888,-0.0
108,0,4,888,-0.0
108,0,4,888,-0.0
108,0,4,888,-0.0
108,0,3,889,-0.0
108,0,3,889,-0.0
108,0,2,890,-0.0
108,0,1,891,-0.0
108,0,1,891,-0.0
108,0,1,891,-0.0
108,0,1,891,-0.0
108,0,1,891,-0.0
108,0,1,891,0.009259259259259259
107,1,1,891,-0.0
107,1,1,891,-0.0
107,1,1,891,-0.0
107,1,1,891,-0.0
107,1,1,891,-0.0
107,1,1,891,-0.0
107,0,2,891,-0.0
107,0,2,891,-0.0
107,0,2,891,-0.0
107,0,1,892,-0.0
107,0,1,892,-0.0
107,0,1,892,-0.0
107,0,1,892,-0.0
107,0,0,893,0.0
107,0,0,893,0.0
107,0,0,893,0.0
107,0,0,893,0.0
107,0,0,893,0.0
107,0,0,893,0.0
107,0,0,893,0.0
107,0,0,893,0.0
107,0,0,893,0.0
107,0,0,893,0.0
107,0,0,893,0.0
107,0,0,893,0.0
107,0,0,893,0.0
107,0,0,893,0.0
107,0,0,893,0.0
107,0,0,893,0.0
107,0,0,893,0.0
107,0,0,893,0.0
107,0,0,893,0.0
107,0,0,893,0.0
107,0,0,893,0.0
107,0,0,893,0.0
107,0,0,893,0.0
107,0,0,893,0.0
107,0,0,893,0.0
107,0,0,893,0.0
107,0,0,893,0.0
107,0,0,893,0.0
107,0,0,893,0.0
107,0,0,893,0.0
107,0,0,893,0.0
107,0,0,893,0.0
107,0,0,893,0.0
107,0,0,893,0.0
107,0,0,893,0.0
107,0,0,893,0.0
107,0,0,893,0.0
107,0,0,893,0.0
107,0,0,893,0.0
107,0,0,893,0.0
107,0,0,893,0.0
107,0,0,893,0.0
107,0,0,893,0.0
107,0,0,893,0.0
107,0,0,893,0.0
107,0,0,893,0.0
107,0,0,893,0.0
107,0,0,893,0.0
107,0,0,893,0.0
107,0,0,893,0.0
107,0,0,893,0.0
107,0,0,893,0.0
107,0,0,893,0.0
107,0,0,893,0.0
107,0,0,893,0.0
107,0,0,893,0.0
107,0,0,893,0.0
107,0,0,893,0.0
107,0,0,893,0.0
107,0,0,893,0.0
107,0,0,893,0.0
107,0,0,893,0.0
107,0,0,893,0.0
107,0,0,893,0.0
107,0,0,893,0.0
107,0,0,893,0.0
107,0,0,893,0.0
107,0,0,893,0.0
107,0,0,893,0.0
107,0,0,893,0.0
107,0,0,893,0.0
107,0,0,893,0.0
107,0,0,893,0.0
107,0,0,893,0.0
107,0,0,893,0.0
107,0,0,893,0.0
107,0,0,893,0.0
107,0,0,893,0.0
107,0,0,893,0.0
107,0,0,893,0.0
107,0,0,893,0.0
107,0,0,893,0.0
107,0,0,893,0.0
107,0,0,893,0.0
107,0,0,893,0.0
107,0,0,893,0.0
107,0,0,893,0.0
107,0,0,893,0.0
107,0,0,893,0.0
107,0,0,893,0.0
107,0,0,893,0.0
