Приволжский ФО , Самара , ЦГиЭ;;;;;;;;;;;;;;;;
;;Число образцов тестированных на грипп;A (субтип не определен);A(H1)pdm09;A(H3);B;Число образцов тестированных на другие ОРВИ;Парагрипп;Аденовирус;РС-вирус;Риновирус;Коронавирус;Метапневмовирус;Бокавирус;Число образцов тестированных на COVID-19;COVID-19
;;Всего;Всего;Всего;Всего;Всего;Всего;Всего;Всего;Всего;Всего;Всего;Всего;Всего;Всего;Всего
2010.1 (04.01.2010 - 10.01.2010);Н;0;0;0;0;0;0;0;0;0;0;0;0;0;;
2010.2 (11.01.2010 - 17.01.2010);Н;46;0;3;0;0;0;0;0;0;0;0;0;0;;
2010.3 (18.01.2010 - 24.01.2010);Н;19;0;1;0;0;0;0;0;0;0;0;0;0;;
2010.4 (25.01.2010 - 31.01.2010);Н;17;0;0;0;0;0;0;0;0;0;0;0;0;;
2010.5 (01.02.2010 - 07.02.2010);;;;;;;;;;;;;;;;
2010.6 (08.02.2010 - 14.02.2010);Н;31;0;0;0;0;0;0;0;0;0;0;0;0;;
2010.7 (15.02.2010 - 21.02.2010);;;;;;;;;;;;;;;;
2010.8 (22.02.2010 - 28.02.2010);Н;36;0;0;0;0;0;0;0;0;0;0;0;0;;
2010.9 (01.03.2010 - 07.03.2010);Н;14;4;0;0;0;0;0;0;0;0;0;0;0;;
2010.10 (08.03.2010 - 14.03.2010);Н;25;1;0;0;0;0;0;0;0;0;0;0;0;;
2010.11 (15.03.2010 - 21.03.2010);Н;22;0;0;0;0;0;0;0;0;0;0;0;0;;
2010.12 (22.03.2010 - 28.03.2010);Н;30;0;0;0;0;0;0;0;0;0;0;0;0;;
2010.13 (29.03.2010 - 04.04.2010);Н;25;0;0;0;0;0;0;0;0;0;0;0;0;;
2010.14 (05.04.2010 - 11.04.2010);Н;17;0;0;0;0;0;0;0;0;0;0;0;0;;
2010.15 (12.04.2010 - 18.04.2010);Н;16;0;0;0;0;0;0;0;0;0;0;0;0;;
2010.16 (19.04.2010 - 25.04.2010);;;;;;;;;;;;;;;;
2010.17 (26.04.2010 - 02.05.2010);Н;8;0;0;0;0;0;0;0;0;0;0;0;0;;
2010.18 (03.05.2010 - 09.05.2010);Н;3;0;0;0;0;0;0;0;0;0;0;0;0;;
2010.19 (10.05.2010 - 16.05.2010);Н;1;0;0;0;0;0;0;0;0;0;0;0;0;;
2010.20 (17.05.2010 - 23.05.2010);Н;5;0;0;0;0;0;0;0;0;0;0;0;0;;
2010.21 (24.05.2010 - 30.05.2010);Н;1;0;0;0;0;0;0;0;0;0;0;0;0;;
2010.22 (31.05.2010 - 06.06.2010);Н;1;0;0;0;0;0;0;0;0;0;0;0;0;;
2010.23 (07.06.2010 - 13.06.2010);Н;1;0;0;0;0;0;0;0;0;0;0;0;0;;
2010.24 (14.06.2010 - 20.06.2010);Н;4;0;0;0;0;0;0;0;0;0;0;0;0;;
2010.25 (21.06.2010 - 27.06.2010);;;;;;;;;;;;;;;;
2010.26 (28.06.2010 - 04.07.2010);Н;4;0;0;0;0;0;0;0;0;0;0;0;0;;
2010.27 (05.07.2010 - 11.07.2010);;;;;;;;;;;;;;;;
2010.28 (12.07.2010 - 18.07.2010);Н;0;0;0;0;0;0;0;0;0;0;0;0;0;;
2010.29 (19.07.2010 - 25.07.2010);Н;2;0;0;0;0;0;0;0;0;0;0;0;0;;
2010.30 (26.07.2010 - 01.08.2010);;;;;;;;;;;;;;;;
2010.31 (02.08.2010 - 08.08.2010);Н;6;0;0;0;0;0;0;0;0;0;0;0;0;;
2010.32 (09.08.2010 - 15.08.2010);Н;3;0;0;0;0;0;0;0;0;0;0;0;0;;
2010.33 (16.08.2010 - 22.08.2010);Н;2;0;0;0;0;0;0;0;0;0;0;0;0;;
2010.34 (23.08.2010 - 29.08.2010);;;;;;;;;;;;;;;;
2010.35 (30.08.2010 - 05.09.2010);Н;4;0;0;0;0;0;0;0;0;0;0;0;0;;
2010.36 (06.09.2010 - 12.09.2010);Н;1;0;0;0;0;0;0;0;0;0;0;0;0;;
2010.37 (13.09.2010 - 19.09.2010);Н;2;0;0;0;0;0;0;0;0;0;0;0;0;;
2010.38 (20.09.2010 - 26.09.2010);Н;5;0;0;0;0;0;0;0;0;0;0;0;0;;
2010.39 (27.09.2010 - 03.10.2010);;;;;;;;;;;;;;;;
2010.40 (04.10.2010 - 10.10.2010);;;;;;;;;;;;;;;;
2010.41 (11.10.2010 - 17.10.2010);;;;;;;;;;;;;;;;
2010.42 (18.10.2010 - 24.10.2010);;;;;;;;;;;;;;;;
2010.43 (25.10.2010 - 31.10.2010);Н;0;0;0;0;0;0;0;0;0;0;0;0;0;;
2010.44 (01.11.2010 - 07.11.2010);Н;0;0;0;0;0;0;0;0;0;0;0;0;0;;
2010.45 (08.11.2010 - 14.11.2010);;;;;;;;;;;;;;;;
2010.46 (15.11.2010 - 21.11.2010);Н;17;0;0;0;0;24;2;2;0;0;0;0;0;;
2010.47 (22.11.2010 - 28.11.2010);;;;;;;;;;;;;;;;
2010.48 (29.11.2010 - 05.12.2010);Н;40;0;0;0;0;15;1;0;0;0;0;0;0;;
2010.49 (06.12.2010 - 12.12.2010);Н;57;0;0;0;0;16;1;0;0;0;0;0;0;;
2010.50 (13.12.2010 - 19.12.2010);Н;69;0;0;0;3;0;0;0;0;0;0;0;0;;
2010.51 (20.12.2010 - 26.12.2010);;;;;;;;;;;;;;;;
2010.52 (27.12.2010 - 02.01.2011);Н;47;0;0;0;1;32;3;1;0;0;0;0;0;;
2011.1 (03.01.2011 - 09.01.2011);;;;;;;;;;;;;;;;
2011.2 (10.01.2011 - 16.01.2011);Н;25;0;1;0;2;0;0;0;0;0;0;0;0;;
2011.3 (17.01.2011 - 23.01.2011);Н;53;0;2;0;10;9;1;0;0;0;0;0;0;;
2011.4 (24.01.2011 - 30.01.2011);Н;41;0;3;0;18;14;1;0;0;0;0;0;0;;
2011.5 (31.01.2011 - 06.02.2011);Н;111;0;18;0;20;0;0;0;0;0;0;0;0;;
2011.6 (07.02.2011 - 13.02.2011);Н;152;0;35;2;24;46;1;8;0;0;0;0;0;;
2011.7 (14.02.2011 - 20.02.2011);Н;157;0;36;0;30;2;0;0;0;0;0;0;0;;
2011.8 (21.02.2011 - 27.02.2011);Н;177;0;64;0;21;6;0;0;0;0;0;0;0;;
2011.9 (28.02.2011 - 06.03.2011);Н;191;0;86;0;12;15;1;2;0;0;0;0;0;;
2011.10 (07.03.2011 - 13.03.2011);Н;118;0;66;0;5;25;0;0;0;0;0;0;0;;
2011.11 (14.03.2011 - 20.03.2011);Н;133;0;45;0;10;0;0;0;0;0;0;0;0;;
2011.12 (21.03.2011 - 27.03.2011);Н;116;0;20;2;4;25;2;1;0;0;0;0;0;;
2011.13 (28.03.2011 - 03.04.2011);Н;91;0;20;2;2;5;1;0;0;0;0;0;0;;
2011.14 (04.04.2011 - 10.04.2011);Н;43;0;4;0;0;9;0;1;0;0;0;0;0;;
2011.15 (11.04.2011 - 17.04.2011);Н;47;0;2;0;0;13;3;0;0;0;0;0;0;;
2011.16 (18.04.2011 - 24.04.2011);Н;25;0;0;0;0;14;0;1;0;0;0;0;0;;
2011.17 (25.04.2011 - 01.05.2011);Н;40;0;0;0;0;4;2;0;0;0;0;0;0;;
2011.18 (02.05.2011 - 08.05.2011);Н;4;0;0;0;0;5;1;0;0;0;0;0;0;;
2011.19 (09.05.2011 - 15.05.2011);Н;6;0;0;0;0;0;0;0;0;0;0;0;0;;
2011.20 (16.05.2011 - 22.05.2011);Н;6;0;0;0;0;0;0;0;0;0;0;0;0;;
2011.21 (23.05.2011 - 29.05.2011);Н;4;0;0;0;0;2;1;0;0;0;0;0;0;;
2011.22 (30.05.2011 - 05.06.2011);Н;1;0;0;0;0;0;0;0;0;0;0;0;0;;
2011.23 (06.06.2011 - 12.06.2011);Н;4;0;0;0;0;2;0;0;0;0;0;0;0;;
2011.24 (13.06.2011 - 19.06.2011);Н;3;0;0;0;0;3;0;0;0;0;0;0;0;;
2011.25 (20.06.2011 - 26.06.2011);Н;1;0;0;0;0;0;0;0;0;0;0;0;0;;
2011.26 (27.06.2011 - 03.07.2011);Н;1;0;0;0;0;0;0;0;0;0;0;0;0;;
2011.27 (04.07.2011 - 10.07.2011);Н;2;0;0;0;0;0;0;0;0;0;0;0;0;;
2011.28 (11.07.2011 - 17.07.2011);;;;;;;;;;;;;;;;
2011.29 (18.07.2011 - 24.07.2011);Н;3;0;0;0;0;0;0;0;0;0;0;0;0;;
2011.30 (25.07.2011 - 31.07.2011);Н;2;0;0;0;0;0;0;0;0;0;0;0;0;;
2011.31 (01.08.2011 - 07.08.2011);Н;2;0;0;0;0;0;0;0;0;0;0;0;0;;
2011.32 (08.08.2011 - 14.08.2011);Н;2;0;0;0;0;0;0;0;0;0;0;0;0;;
2011.33 (15.08.2011 - 21.08.2011);Н;3;0;0;0;0;0;0;0;0;0;0;0;0;;
2011.34 (22.08.2011 - 28.08.2011);Н;1;0;0;0;0;0;0;0;0;0;0;0;0;;
2011.35 (29.08.2011 - 04.09.2011);Н;3;0;0;0;0;0;0;0;0;0;0;0;0;;
2011.36 (05.09.2011 - 11.09.2011);Н;1;0;0;0;0;0;0;0;0;0;0;0;0;;
2011.37 (12.09.2011 - 18.09.2011);;;;;;;;;;;;;;;;
2011.38 (19.09.2011 - 25.09.2011);Н;1;0;0;0;0;0;0;0;0;0;0;0;0;;
2011.39 (26.09.2011 - 02.10.2011);Н;6;0;0;0;0;0;0;0;0;0;0;0;0;;
2011.40 (03.10.2011 - 09.10.2011);Н;8;0;0;0;0;0;0;0;0;0;0;0;0;;
2011.41 (10.10.2011 - 16.10.2011);Н;8;0;0;0;0;0;0;0;0;0;0;0;0;;
2011.42 (17.10.2011 - 23.10.2011);Н;10;0;0;0;0;0;0;0;0;0;0;0;0;;
2011.43 (24.10.2011 - 30.10.2011);Н;10;0;0;0;0;0;0;0;0;0;0;0;0;;
2011.44 (31.10.2011 - 06.11.2011);Н;5;0;0;0;0;0;0;0;0;0;0;0;0;;
2011.45 (07.11.2011 - 13.11.2011);Н;6;0;0;0;0;0;0;0;0;0;0;0;0;;
2011.46 (14.11.2011 - 20.11.2011);Н;7;0;0;0;0;0;0;0;0;0;0;0;0;;
2011.47 (21.11.2011 - 27.11.2011);Н;8;0;0;0;0;0;0;0;0;0;0;0;0;;
2011.48 (28.11.2011 - 04.12.2011);Н;8;0;0;0;0;0;0;0;0;0;0;0;0;;
2011.49 (05.12.2011 - 11.12.2011);Н;4;0;0;0;0;0;0;0;0;0;0;0;0;;
2011.50 (12.12.2011 - 18.12.2011);Н;7;0;0;0;0;0;0;0;0;0;0;0;0;;
2011.51 (19.12.2011 - 25.12.2011);Н;7;0;0;0;0;0;0;0;0;0;0;0;0;;
2011.52 (26.12.2011 - 01.01.2012);Н;5;0;0;0;0;0;0;0;0;0;0;0;0;;
2012.1 (02.01.2012 - 08.01.2012);;;;;;;;;;;;;;;;
2012.2 (09.01.2012 - 15.01.2012);Н;6;0;0;0;0;0;0;0;0;0;0;0;0;;
2012.3 (16.01.2012 - 22.01.2012);Н;11;0;0;0;0;0;0;0;0;0;0;0;0;;
2012.4 (23.01.2012 - 29.01.2012);Н;3;0;0;0;0;0;0;0;0;0;0;0;0;;
2012.5 (30.01.2012 - 05.02.2012);Н;9;0;0;0;0;0;0;0;0;0;0;0;0;;
2012.6 (06.02.2012 - 12.02.2012);Н;4;0;0;0;0;0;0;0;0;0;0;0;0;;
2012.7 (13.02.2012 - 19.02.2012);Н;4;0;0;0;0;0;0;0;0;0;0;0;0;;
2012.8 (20.02.2012 - 26.02.2012);Н;9;0;0;0;0;0;0;0;0;0;0;0;0;;
2012.9 (27.02.2012 - 04.03.2012);Н;4;0;0;0;0;0;0;0;0;0;0;0;0;;
2012.10 (05.03.2012 - 11.03.2012);Н;15;0;0;2;0;0;0;0;0;0;0;0;0;;
2012.11 (12.03.2012 - 18.03.2012);Н;25;0;0;6;0;0;0;0;0;0;0;0;0;;
2012.12 (19.03.2012 - 25.03.2012);Н;46;0;1;10;1;0;0;0;0;0;0;0;0;;
2012.13 (26.03.2012 - 01.04.2012);Н;57;0;1;12;0;57;2;1;0;0;0;0;0;;
2012.14 (02.04.2012 - 08.04.2012);Н;50;0;0;1;0;20;0;0;0;0;0;0;0;;
2012.15 (09.04.2012 - 15.04.2012);Н;38;0;0;6;0;16;8;1;0;0;0;0;0;;
2012.16 (16.04.2012 - 22.04.2012);Н;18;0;0;7;0;0;0;0;0;0;0;0;0;;
2012.17 (23.04.2012 - 29.04.2012);Н;5;0;0;0;0;0;0;0;0;0;0;0;0;;
2012.18 (30.04.2012 - 06.05.2012);Н;2;0;0;0;0;0;0;0;0;0;0;0;0;;
2012.19 (07.05.2012 - 13.05.2012);;;;;;;;;;;;;;;;
2012.20 (14.05.2012 - 20.05.2012);Н;2;0;0;0;0;0;0;0;0;0;0;0;0;;
2012.21 (21.05.2012 - 27.05.2012);Н;3;0;0;0;0;0;0;0;0;0;0;0;0;;
2012.22 (28.05.2012 - 03.06.2012);Н;6;0;0;0;0;0;0;0;0;0;0;0;0;;
2012.23 (04.06.2012 - 10.06.2012);Н;5;0;0;0;0;0;0;0;0;0;0;0;0;;
2012.24 (11.06.2012 - 17.06.2012);Н;1;0;0;0;0;0;0;0;0;0;0;0;0;;
2012.25 (18.06.2012 - 24.06.2012);Н;1;0;0;0;0;0;0;0;0;0;0;0;0;;
2012.26 (25.06.2012 - 01.07.2012);Н;2;0;0;0;0;0;0;0;0;0;0;0;0;;
2012.27 (02.07.2012 - 08.07.2012);;;;;;;;;;;;;;;;
2012.28 (09.07.2012 - 15.07.2012);;;;;;;;;;;;;;;;
2012.29 (16.07.2012 - 22.07.2012);Н;4;0;0;0;0;0;0;0;0;0;0;0;0;;
2012.30 (23.07.2012 - 29.07.2012);;;;;;;;;;;;;;;;
2012.31 (30.07.2012 - 05.08.2012);Н;3;0;0;0;0;0;0;0;0;0;0;0;0;;
2012.32 (06.08.2012 - 12.08.2012);;;;;;;;;;;;;;;;
2012.33 (13.08.2012 - 19.08.2012);Н;1;0;0;0;0;0;0;0;0;0;0;0;0;;
2012.34 (20.08.2012 - 26.08.2012);Н;2;0;0;0;0;0;0;0;0;0;0;0;0;;
2012.35 (27.08.2012 - 02.09.2012);Н;1;0;0;0;0;0;0;0;0;0;0;0;0;;
2012.36 (03.09.2012 - 09.09.2012);Н;2;0;0;0;0;0;0;0;0;0;0;0;0;;
2012.37 (10.09.2012 - 16.09.2012);Н;2;0;0;0;0;0;0;0;0;0;0;0;0;;
2012.38 (17.09.2012 - 23.09.2012);Н;4;0;0;0;0;0;0;0;0;0;0;0;0;;
2012.39 (24.09.2012 - 30.09.2012);Н;4;0;0;0;0;0;0;0;0;0;0;0;0;;
2012.40 (01.10.2012 - 07.10.2012);Н;10;0;0;0;0;0;0;0;0;0;0;0;0;;
2012.41 (08.10.2012 - 14.10.2012);Н;20;0;0;0;0;0;0;0;0;0;0;0;0;;
2012.42 (15.10.2012 - 21.10.2012);Н;16;0;0;0;0;0;0;0;0;0;0;0;0;;
2012.43 (22.10.2012 - 28.10.2012);Н;20;0;0;0;0;0;0;0;0;0;0;0;0;;
2012.44 (29.10.2012 - 04.11.2012);Н;30;0;0;0;0;0;0;0;0;0;0;0;0;;
2012.45 (05.11.2012 - 11.11.2012);Н;15;0;0;0;0;0;0;0;0;0;0;0;0;;
2012.46 (12.11.2012 - 18.11.2012);Н;13;0;0;0;0;0;0;0;0;0;0;0;0;;
2012.47 (19.11.2012 - 25.11.2012);Н;24;0;0;0;0;0;0;0;0;0;0;0;0;;
2012.48 (26.11.2012 - 02.12.2012);Н;26;0;0;0;0;0;0;0;0;0;0;0;0;;
2012.49 (03.12.2012 - 09.12.2012);Н;16;0;0;0;0;0;0;0;0;0;0;0;0;;
2012.50 (10.12.2012 - 16.12.2012);Н;9;0;0;0;0;0;0;0;0;0;0;0;0;;
2012.51 (17.12.2012 - 23.12.2012);Н;15;0;0;0;0;0;0;0;0;0;0;0;0;;
2012.52 (24.12.2012 - 30.12.2012);Н;16;0;0;0;0;0;0;0;0;0;0;0;0;;
2013.1 (31.12.2012 - 06.01.2013);;;;;;;;;;;;;;;;
2013.2 (07.01.2013 - 13.01.2013);;;;;;;;;;;;;;;;
2013.3 (14.01.2013 - 20.01.2013);Н;13;0;1;0;0;0;0;0;0;0;0;0;0;;
2013.4 (21.01.2013 - 27.01.2013);Н;13;0;1;0;0;0;0;0;0;0;0;0;0;;
2013.5 (28.01.2013 - 03.02.2013);Н;13;0;1;2;1;0;0;0;0;0;0;0;0;;
2013.6 (04.02.2013 - 10.02.2013);Н;43;0;13;3;2;0;0;0;0;0;0;0;0;;
2013.7 (11.02.2013 - 17.02.2013);Н;100;0;23;9;12;0;0;0;0;0;0;0;0;;
2013.8 (18.02.2013 - 24.02.2013);Н;207;0;57;33;16;0;0;0;0;0;0;0;0;;
2013.9 (25.02.2013 - 03.03.2013);Н;241;0;55;23;16;0;0;0;0;0;0;0;0;;
2013.10 (04.03.2013 - 10.03.2013);Н;144;0;25;17;21;0;0;0;0;0;0;0;0;;
2013.11 (11.03.2013 - 17.03.2013);Н;174;0;27;29;25;0;0;0;0;0;0;0;0;;
2013.12 (18.03.2013 - 24.03.2013);Н;93;0;6;21;16;0;0;0;0;0;0;0;0;;
2013.13 (25.03.2013 - 31.03.2013);Н;59;0;2;7;17;0;0;0;0;0;0;0;0;;
2013.14 (01.04.2013 - 07.04.2013);Н;32;0;0;7;6;0;0;0;0;0;0;0;0;;
2013.15 (08.04.2013 - 14.04.2013);Н;28;0;1;5;6;0;0;0;0;0;0;0;0;;
2013.16 (15.04.2013 - 21.04.2013);Н;13;0;0;1;2;0;0;0;0;0;0;0;0;;
2013.17 (22.04.2013 - 28.04.2013);Н;10;0;0;2;2;0;0;0;0;0;0;0;0;;
2013.18 (29.04.2013 - 05.05.2013);Н;6;1;0;1;0;0;0;0;0;0;0;0;0;;
2013.19 (06.05.2013 - 12.05.2013);Н;2;0;0;0;0;0;0;0;0;0;0;0;0;;
2013.20 (13.05.2013 - 19.05.2013);Н;2;0;0;0;0;0;0;0;0;0;0;0;0;;
2013.21 (20.05.2013 - 26.05.2013);Н;2;0;0;0;0;0;0;0;0;0;0;0;0;;
2013.22 (27.05.2013 - 02.06.2013);Н;3;0;0;0;0;0;0;0;0;0;0;0;0;;
2013.23 (03.06.2013 - 09.06.2013);Н;2;0;0;0;0;0;0;0;0;0;0;0;0;;
2013.24 (10.06.2013 - 16.06.2013);;;;;;;;;;;;;;;;
2013.25 (17.06.2013 - 23.06.2013);Н;2;0;0;0;0;0;0;0;0;0;0;0;0;;
2013.26 (24.06.2013 - 30.06.2013);Н;1;0;0;0;0;0;0;0;0;0;0;0;0;;
2013.27 (01.07.2013 - 07.07.2013);Н;3;0;0;0;0;0;0;0;0;0;0;0;0;;
2013.28 (08.07.2013 - 14.07.2013);Н;5;0;0;0;0;0;0;0;0;0;0;0;0;;
2013.29 (15.07.2013 - 21.07.2013);Н;2;0;0;0;0;0;0;0;0;0;0;0;0;;
2013.30 (22.07.2013 - 28.07.2013);Н;2;0;0;0;0;0;0;0;0;0;0;0;0;;
2013.31 (29.07.2013 - 04.08.2013);Н;2;0;0;0;0;0;0;0;0;0;0;0;0;;
2013.32 (05.08.2013 - 11.08.2013);Н;3;0;0;0;0;0;0;0;0;0;0;0;0;;
2013.33 (12.08.2013 - 18.08.2013);Н;1;0;0;0;0;0;0;0;0;0;0;0;0;;
2013.34 (19.08.2013 - 25.08.2013);Н;2;0;0;0;0;0;0;0;0;0;0;0;0;;
2013.35 (26.08.2013 - 01.09.2013);Н;1;0;0;0;0;0;0;0;0;0;0;0;0;;
2013.36 (02.09.2013 - 08.09.2013);Н;2;0;0;0;0;0;0;0;0;0;0;0;0;;
2013.37 (09.09.2013 - 15.09.2013);Н;2;0;0;0;0;0;0;0;0;0;0;0;0;;
2013.38 (16.09.2013 - 22.09.2013);Н;3;0;0;0;0;0;0;0;0;0;0;0;0;;
2013.39 (23.09.2013 - 29.09.2013);Н;1;0;0;0;0;0;0;0;0;0;0;0;0;;
2013.40 (30.09.2013 - 06.10.2013);;;;;;;;;;;;;;;;
2013.41 (07.10.2013 - 13.10.2013);Н;18;0;0;0;0;0;0;0;0;0;0;0;0;;
2013.42 (14.10.2013 - 20.10.2013);Н;12;0;0;0;0;0;0;0;0;0;0;0;0;;
2013.43 (21.10.2013 - 27.10.2013);Н;12;0;0;0;0;0;0;0;0;0;0;0;0;;
2013.44 (28.10.2013 - 03.11.2013);Н;14;0;0;0;0;0;0;0;0;0;0;0;0;;
2013.45 (04.11.2013 - 10.11.2013);Н;11;0;0;0;0;0;0;0;0;0;0;0;0;;
2013.46 (11.11.2013 - 17.11.2013);Н;10;0;0;0;0;0;0;0;0;0;0;0;0;;
2013.47 (18.11.2013 - 24.11.2013);Н;20;0;0;0;0;0;0;0;0;0;0;0;0;;
2013.48 (25.11.2013 - 01.12.2013);Н;13;0;0;0;0;0;0;0;0;0;0;0;0;;
2013.49 (02.12.2013 - 08.12.2013);Н;14;0;0;0;0;0;0;0;0;0;0;0;0;;
2013.50 (09.12.2013 - 15.12.2013);Н;9;0;0;0;0;0;0;0;0;0;0;0;0;;
2013.51 (16.12.2013 - 22.12.2013);Н;13;0;0;0;0;0;0;0;0;0;0;0;0;;
2013.52 (23.12.2013 - 29.12.2013);Н;12;0;0;0;0;0;0;0;0;0;0;0;0;;
2014.1 (30.12.2013 - 05.01.2014);Н;5;0;0;0;0;0;0;0;0;0;0;0;0;;
2014.2 (06.01.2014 - 12.01.2014);;;;;;;;;;;;;;;;
2014.3 (13.01.2014 - 19.01.2014);Н;18;0;0;0;0;0;0;0;0;0;0;0;0;;
2014.4 (20.01.2014 - 26.01.2014);Н;10;0;0;0;0;0;0;0;0;0;0;0;0;;
2014.5 (27.01.2014 - 02.02.2014);Н;7;0;0;0;0;0;0;0;0;0;0;0;0;;
2014.6 (03.02.2014 - 09.02.2014);Н;14;0;0;1;0;0;0;0;0;0;0;0;0;;
2014.7 (10.02.2014 - 16.02.2014);Н;9;0;0;0;0;0;0;0;0;0;0;0;0;;
2014.8 (17.02.2014 - 23.02.2014);Н;11;0;0;0;0;0;0;0;0;0;0;0;0;;
2014.9 (24.02.2014 - 02.03.2014);Н;7;0;0;2;0;0;0;0;0;0;0;0;0;;
2014.10 (03.03.2014 - 09.03.2014);Н;13;0;0;5;0;0;0;0;0;0;0;0;0;;
2014.11 (10.03.2014 - 16.03.2014);Н;12;0;1;3;0;0;0;0;0;0;0;0;0;;
2014.12 (17.03.2014 - 23.03.2014);Н;12;0;1;2;0;0;0;0;0;0;0;0;0;;
2014.13 (24.03.2014 - 30.03.2014);Н;27;0;0;7;3;0;0;0;0;0;0;0;0;;
2014.14 (31.03.2014 - 06.04.2014);Н;6;0;0;1;0;0;0;0;0;0;0;0;0;;
2014.15 (07.04.2014 - 13.04.2014);Н;9;0;0;0;0;0;0;0;0;0;0;0;0;;
2014.16 (14.04.2014 - 20.04.2014);Н;7;0;0;0;0;0;0;0;0;0;0;0;0;;
2014.17 (21.04.2014 - 27.04.2014);Н;5;0;0;0;0;0;0;0;0;0;0;0;0;;
2014.18 (28.04.2014 - 04.05.2014);;;;;;;;;;;;;;;;
2014.19 (05.05.2014 - 11.05.2014);;;;;;;;;;;;;;;;
2014.20 (12.05.2014 - 18.05.2014);;;;;;;;;;;;;;;;
2014.21 (19.05.2014 - 25.05.2014);;;;;;;;;;;;;;;;
2014.22 (26.05.2014 - 01.06.2014);;;;;;;;;;;;;;;;
2014.23 (02.06.2014 - 08.06.2014);Н;2;0;0;0;0;0;0;0;0;0;0;0;0;;
2014.24 (09.06.2014 - 15.06.2014);Н;1;0;0;0;0;0;0;0;0;0;0;0;0;;
2014.25 (16.06.2014 - 22.06.2014);Н;3;0;0;0;0;0;0;0;0;0;0;0;0;;
2014.26 (23.06.2014 - 29.06.2014);Н;6;0;0;0;0;0;0;0;0;0;0;0;0;;
2014.27 (30.06.2014 - 06.07.2014);;;;;;;;;;;;;;;;
2014.28 (07.07.2014 - 13.07.2014);;;;;;;;;;;;;;;;
2014.29 (14.07.2014 - 20.07.2014);;;;;;;;;;;;;;;;
2014.30 (21.07.2014 - 27.07.2014);;;;;;;;;;;;;;;;
2014.31 (28.07.2014 - 03.08.2014);Н;2;0;0;0;0;0;0;0;0;0;0;0;0;;
2014.32 (04.08.2014 - 10.08.2014);Н;1;0;0;0;0;0;0;0;0;0;0;0;0;;
2014.33 (11.08.2014 - 17.08.2014);Н;1;0;0;0;0;0;0;0;0;0;0;0;0;;
2014.34 (18.08.2014 - 24.08.2014);Н;1;0;0;0;0;0;0;0;0;0;0;0;0;;
2014.35 (25.08.2014 - 31.08.2014);Н;2;0;0;0;0;0;0;0;0;0;0;0;0;;
2014.36 (01.09.2014 - 07.09.2014);Н;4;0;0;0;0;0;0;0;0;0;0;0;0;;
2014.37 (08.09.2014 - 14.09.2014);Н;5;0;0;0;0;0;0;0;0;0;0;0;0;;
2014.38 (15.09.2014 - 21.09.2014);Н;18;0;0;0;0;0;0;0;0;0;0;0;0;;
2014.39 (22.09.2014 - 28.09.2014);Н;7;0;0;0;0;0;0;0;0;0;0;0;0;;
2014.40 (29.09.2014 - 05.10.2014);Н;5;0;0;0;0;0;0;0;0;0;0;0;0;;
2014.41 (06.10.2014 - 12.10.2014);Н;10;0;0;0;0;0;0;0;0;0;0;0;0;;
2014.42 (13.10.2014 - 19.10.2014);Н;17;0;0;0;0;0;0;0;0;0;0;0;0;;
2014.43 (20.10.2014 - 26.10.2014);Н;2;0;0;0;0;0;0;0;0;0;0;0;0;;
2014.44 (27.10.2014 - 02.11.2014);Н;12;0;0;0;0;0;0;0;0;0;0;0;0;;
2014.45 (03.11.2014 - 09.11.2014);;;;;;;;;;;;;;;;
2014.46 (10.11.2014 - 16.11.2014);Н;11;0;0;0;0;0;0;0;0;0;0;0;0;;
2014.47 (17.11.2014 - 23.11.2014);Н;6;0;0;0;0;0;0;0;0;0;0;0;0;;
2014.48 (24.11.2014 - 30.11.2014);Н;5;0;0;0;0;0;0;0;0;0;0;0;0;;
2014.49 (01.12.2014 - 07.12.2014);Н;6;0;0;0;0;0;0;0;0;0;0;0;0;;
2014.50 (08.12.2014 - 14.12.2014);Н;13;0;0;0;0;0;0;0;0;0;0;0;0;;
2014.51 (15.12.2014 - 21.12.2014);;;;;;;;;;;;;;;;
2014.52 (22.12.2014 - 28.12.2014);Н;29;0;0;1;0;0;0;0;0;0;0;0;0;;
2015.1 (29.12.2014 - 04.01.2015);Н;5;0;0;0;0;0;0;0;0;0;0;0;0;;
2015.2 (05.01.2015 - 11.01.2015);;;;;;;;;;;;;;;;
2015.3 (12.01.2015 - 18.01.2015);Н;11;0;0;3;0;0;0;0;0;0;0;0;0;;
2015.4 (19.01.2015 - 25.01.2015);Н;13;0;0;2;0;0;0;0;0;0;0;0;0;;
2015.5 (26.01.2015 - 01.02.2015);Н;7;0;0;1;0;0;0;0;0;0;0;0;0;;
2015.6 (02.02.2015 - 08.02.2015);Н;20;0;1;10;0;0;0;0;0;0;0;0;0;;
2015.7 (09.02.2015 - 15.02.2015);Н;22;0;0;9;1;0;0;0;0;0;0;0;0;;
2015.8 (16.02.2015 - 22.02.2015);Н;42;0;0;13;9;0;0;0;0;0;0;0;0;;
2015.9 (23.02.2015 - 01.03.2015);Н;28;0;0;8;7;0;0;0;0;0;0;0;0;;
2015.10 (02.03.2015 - 08.03.2015);Н;38;0;0;9;14;0;0;0;0;0;0;0;0;;
2015.11 (09.03.2015 - 15.03.2015);Н;22;0;0;4;7;0;0;0;0;0;0;0;0;;
2015.12 (16.03.2015 - 22.03.2015);Н;16;0;0;3;7;0;0;0;0;0;0;0;0;;
2015.13 (23.03.2015 - 29.03.2015);Н;8;0;0;1;4;0;0;0;0;0;0;0;0;;
2015.14 (30.03.2015 - 05.04.2015);Н;16;0;0;0;6;0;0;0;0;0;0;0;0;;
2015.15 (06.04.2015 - 12.04.2015);Н;8;0;0;0;2;0;0;0;0;0;0;0;0;;
2015.16 (13.04.2015 - 19.04.2015);Н;7;0;0;1;2;0;0;0;0;0;0;0;0;;
2015.17 (20.04.2015 - 26.04.2015);Н;7;0;0;1;2;0;0;0;0;0;0;0;0;;
2015.18 (27.04.2015 - 03.05.2015);;;;;;;;;;;;;;;;
2015.19 (04.05.2015 - 10.05.2015);Н;3;0;0;0;0;0;0;0;0;0;0;0;0;;
2015.20 (11.05.2015 - 17.05.2015);Н;5;0;0;0;1;0;0;0;0;0;0;0;0;;
2015.21 (18.05.2015 - 24.05.2015);Н;1;0;0;0;0;0;0;0;0;0;0;0;0;;
2015.22 (25.05.2015 - 31.05.2015);Н;1;0;0;0;0;0;0;0;0;0;0;0;0;;
2015.23 (01.06.2015 - 07.06.2015);Н;4;0;0;0;0;0;0;0;0;0;0;0;0;;
2015.24 (08.06.2015 - 14.06.2015);;;;;;;;;;;;;;;;
2015.25 (15.06.2015 - 21.06.2015);Н;1;0;0;0;0;0;0;0;0;0;0;0;0;;
2015.26 (22.06.2015 - 28.06.2015);Н;2;0;0;0;0;0;0;0;0;0;0;0;0;;
2015.27 (29.06.2015 - 05.07.2015);;;;;;;;;;;;;;;;
2015.28 (06.07.2015 - 12.07.2015);Н;1;0;0;0;0;0;0;0;0;0;0;0;0;;
2015.29 (13.07.2015 - 19.07.2015);Н;2;0;0;0;0;0;0;0;0;0;0;0;0;;
2015.30 (20.07.2015 - 26.07.2015);;;;;;;;;;;;;;;;
2015.31 (27.07.2015 - 02.08.2015);Н;4;0;0;0;0;0;0;0;0;0;0;0;0;;
2015.32 (03.08.2015 - 09.08.2015);Н;1;0;0;0;0;0;0;0;0;0;0;0;0;;
2015.33 (10.08.2015 - 16.08.2015);;;;;;;;;;;;;;;;
2015.34 (17.08.2015 - 23.08.2015);Н;2;0;0;0;0;0;0;0;0;0;0;0;0;;
2015.35 (24.08.2015 - 30.08.2015);Н;5;0;0;0;0;0;0;0;0;0;0;0;0;;
2015.36 (31.08.2015 - 06.09.2015);Н;2;0;0;0;0;0;0;0;0;0;0;0;0;;
2015.37 (07.09.2015 - 13.09.2015);Н;2;0;0;0;0;0;0;0;0;0;0;0;0;;
2015.38 (14.09.2015 - 20.09.2015);Н;1;0;0;0;0;0;0;0;0;0;0;0;0;;
2015.39 (21.09.2015 - 27.09.2015);Н;1;0;0;0;0;0;0;0;0;0;0;0;0;;
2015.40 (28.09.2015 - 04.10.2015);Н;2;0;0;0;0;0;0;0;0;0;0;0;0;;
2015.41 (05.10.2015 - 11.10.2015);Н;7;0;0;0;0;0;0;0;0;0;0;0;0;;
2015.42 (12.10.2015 - 18.10.2015);Н;5;0;0;0;0;0;0;0;0;0;0;0;0;;
2015.43 (19.10.2015 - 25.10.2015);Н;9;0;0;0;0;0;0;0;0;0;0;0;0;;
2015.44 (26.10.2015 - 01.11.2015);Н;5;0;0;0;0;0;0;0;0;0;0;0;0;;
2015.45 (02.11.2015 - 08.11.2015);Н;6;0;0;0;0;0;0;0;0;0;0;0;0;;
2015.46 (09.11.2015 - 15.11.2015);Н;11;0;0;0;0;0;0;0;0;0;0;0;0;;
2015.47 (16.11.2015 - 22.11.2015);Н;12;0;0;0;0;0;0;0;0;0;0;0;0;;
2015.48 (23.11.2015 - 29.11.2015);Н;5;0;0;0;0;0;0;0;0;0;0;0;0;;
2015.49 (30.11.2015 - 06.12.2015);Н;13;0;0;0;0;0;0;0;0;0;0;0;0;;
2015.50 (07.12.2015 - 13.12.2015);;;;;;;;;;;;;;;;
2015.51 (14.12.2015 - 20.12.2015);Н;15;0;0;0;0;0;0;0;0;0;0;0;0;;
2015.52 (21.12.2015 - 27.12.2015);Н;9;0;0;0;0;0;0;0;0;0;0;0;0;;
2015.53 (28.12.2015 - 03.01.2016);Н;4;0;0;0;0;0;0;0;0;0;0;0;0;;
2016.1 (04.01.2016 - 10.01.2016);;;;;;;;;;;;;;;;
2016.2 (11.01.2016 - 17.01.2016);Н;9;0;1;0;0;0;0;0;0;0;0;0;0;;
2016.3 (18.01.2016 - 24.01.2016);Н;20;0;8;0;0;0;0;0;0;0;0;0;0;;
2016.4 (25.01.2016 - 31.01.2016);Н;69;0;24;0;0;0;0;0;0;0;0;0;0;;
2016.5 (01.02.2016 - 07.02.2016);Н;113;0;44;1;0;0;0;0;0;0;0;0;0;;
2016.6 (08.02.2016 - 14.02.2016);Н;136;0;56;2;0;0;0;0;0;0;0;0;0;;
2016.7 (15.02.2016 - 21.02.2016);Н;129;0;56;2;1;0;0;0;0;0;0;0;0;;
2016.8 (22.02.2016 - 28.02.2016);Н;126;0;64;1;1;0;0;0;0;0;0;0;0;;
2016.9 (29.02.2016 - 06.03.2016);Н;99;0;36;1;0;0;0;0;0;0;0;0;0;;
2016.10 (07.03.2016 - 13.03.2016);Н;88;0;37;1;0;0;0;0;0;0;0;0;0;;
2016.11 (14.03.2016 - 20.03.2016);Н;64;0;27;0;0;0;0;0;0;0;0;0;0;;
2016.12 (21.03.2016 - 27.03.2016);Н;55;0;20;0;0;0;0;0;0;0;0;0;0;;
2016.13 (28.03.2016 - 03.04.2016);Н;39;0;21;0;0;0;0;0;0;0;0;0;0;;
2016.14 (04.04.2016 - 10.04.2016);Н;31;0;7;0;0;0;0;0;0;0;0;0;0;;
2016.15 (11.04.2016 - 17.04.2016);Н;24;0;9;0;0;0;0;0;0;0;0;0;0;;
2016.16 (18.04.2016 - 24.04.2016);Н;25;0;5;2;1;0;0;0;0;0;0;0;0;;
2016.17 (25.04.2016 - 01.05.2016);Н;21;0;4;0;0;0;0;0;0;0;0;0;0;;
2016.18 (02.05.2016 - 08.05.2016);Н;4;0;0;0;0;0;0;0;0;0;0;0;0;;
2016.19 (09.05.2016 - 15.05.2016);Н;2;0;0;0;0;0;0;0;0;0;0;0;0;;
2016.20 (16.05.2016 - 22.05.2016);Н;4;0;0;0;0;0;0;0;0;0;0;0;0;;
2016.21 (23.05.2016 - 29.05.2016);Н;4;0;0;0;0;0;0;0;0;0;0;0;0;;
2016.22 (30.05.2016 - 05.06.2016);;;;;;;;;;;;;;;;
2016.23 (06.06.2016 - 12.06.2016);Н;1;0;0;0;0;0;0;0;0;0;0;0;0;;
2016.24 (13.06.2016 - 19.06.2016);Н;2;0;0;0;0;0;0;0;0;0;0;0;0;;
2016.25 (20.06.2016 - 26.06.2016);;;;;;;;;;;;;;;;
2016.26 (27.06.2016 - 03.07.2016);Н;3;0;0;0;0;0;0;0;0;0;0;0;0;;
2016.27 (04.07.2016 - 10.07.2016);Н;2;0;0;0;0;0;0;0;0;0;0;0;0;;
2016.28 (11.07.2016 - 17.07.2016);;;;;;;;;;;;;;;;
2016.29 (18.07.2016 - 24.07.2016);Н;1;0;0;0;0;0;0;0;0;0;0;0;0;;
2016.30 (25.07.2016 - 31.07.2016);Н;1;0;0;0;0;0;0;0;0;0;0;0;0;;
2016.31 (01.08.2016 - 07.08.2016);Н;2;0;0;0;0;0;0;0;0;0;0;0;0;;
2016.32 (08.08.2016 - 14.08.2016);;;;;;;;;;;;;;;;
2016.33 (15.08.2016 - 21.08.2016);Н;1;0;0;0;0;0;0;0;0;0;0;0;0;;
2016.34 (22.08.2016 - 28.08.2016);;;;;;;;;;;;;;;;
2016.35 (29.08.2016 - 04.09.2016);;;;;;;;;;;;;;;;
2016.36 (05.09.2016 - 11.09.2016);Н;4;0;0;0;0;0;0;0;0;0;0;0;0;;
2016.37 (12.09.2016 - 18.09.2016);;;;;;;;;;;;;;;;
2016.38 (19.09.2016 - 25.09.2016);Н;1;0;0;0;0;0;0;0;0;0;0;0;0;;
2016.39 (26.09.2016 - 02.10.2016);;;;;;;;;;;;;;;;
2016.40 (03.10.2016 - 09.10.2016);Н;2;0;0;0;0;0;0;0;0;0;0;0;0;;
2016.41 (10.10.2016 - 16.10.2016);Н;10;0;0;0;0;0;0;0;0;0;0;0;0;;
2016.42 (17.10.2016 - 23.10.2016);Н;5;0;0;0;0;0;0;0;0;0;0;0;0;;
2016.43 (24.10.2016 - 30.10.2016);Н;5;0;0;0;0;0;0;0;0;0;0;0;0;;
2016.44 (31.10.2016 - 06.11.2016);;;;;;;;;;;;;;;;
2016.45 (07.11.2016 - 13.11.2016);Н;11;0;0;0;0;0;0;0;0;0;0;0;0;;
2016.46 (14.11.2016 - 20.11.2016);Н;9;0;0;0;0;0;0;0;0;0;0;0;0;;
2016.47 (21.11.2016 - 27.11.2016);Н;4;0;0;0;0;0;0;0;0;0;0;0;0;;
2016.48 (28.11.2016 - 04.12.2016);Н;12;0;0;0;0;0;0;0;0;0;0;0;0;;
2016.49 (05.12.2016 - 11.12.2016);Н;6;0;0;0;0;0;0;0;0;0;0;0;0;;
2016.50 (12.12.2016 - 18.12.2016);Н;8;0;0;3;0;0;0;0;0;0;0;0;0;;
2016.51 (19.12.2016 - 25.12.2016);Н;14;0;0;4;1;0;0;0;0;0;0;0;0;;
2016.52 (26.12.2016 - 01.01.2017);Н;40;0;0;32;1;0;0;0;0;0;0;0;0;;
2017.1 (02.01.2017 - 08.01.2017);Н;50;0;0;41;0;0;0;0;0;0;0;0;0;;
2017.2 (09.01.2017 - 15.01.2017);Н;30;0;0;24;0;0;0;0;0;0;0;0;0;;
2017.3 (16.01.2017 - 22.01.2017);Н;63;0;0;36;1;0;0;0;0;0;0;0;0;;
2017.4 (23.01.2017 - 29.01.2017);Н;59;0;0;36;2;0;0;0;0;0;0;0;0;;
2017.5 (30.01.2017 - 05.02.2017);;;;;;;;;;;;;;;;
2017.6 (06.02.2017 - 12.02.2017);Н;24;0;0;17;0;0;0;0;0;0;0;0;0;;
2017.7 (13.02.2017 - 19.02.2017);Н;53;0;0;24;1;0;0;0;0;0;0;0;0;;
2017.8 (20.02.2017 - 26.02.2017);Н;20;0;0;6;2;0;0;0;0;0;0;0;0;;
2017.9 (27.02.2017 - 05.03.2017);Н;33;0;0;10;5;0;0;0;0;0;0;0;0;;
2017.10 (06.03.2017 - 12.03.2017);Н;21;0;0;2;5;21;0;0;0;0;0;0;0;;
2017.11 (13.03.2017 - 19.03.2017);Н;21;0;0;6;2;21;0;0;0;0;0;0;0;;
2017.12 (20.03.2017 - 26.03.2017);Н;12;0;0;1;4;0;0;0;0;0;0;0;0;;
2017.13 (27.03.2017 - 02.04.2017);Н;28;0;0;0;8;0;0;0;0;0;0;0;0;;
2017.14 (03.04.2017 - 09.04.2017);Н;27;0;0;0;11;0;0;0;0;0;0;0;0;;
2017.15 (10.04.2017 - 16.04.2017);Н;28;0;0;0;9;0;0;0;0;0;0;0;0;;
2017.16 (17.04.2017 - 23.04.2017);Н;19;0;0;1;10;0;0;0;0;0;0;0;0;;
2017.17 (24.04.2017 - 30.04.2017);Н;27;0;0;2;5;0;0;0;0;0;0;0;0;;
2017.18 (01.05.2017 - 07.05.2017);Н;15;0;0;0;5;0;0;0;0;0;0;0;0;;
2017.19 (08.05.2017 - 14.05.2017);Н;8;0;0;0;4;0;0;0;0;0;0;0;0;;
2017.20 (15.05.2017 - 21.05.2017);Н;5;0;0;0;0;0;0;0;0;0;0;0;0;;
2017.21 (22.05.2017 - 28.05.2017);;;;;;;;;;;;;;;;
2017.22 (29.05.2017 - 04.06.2017);Н;10;0;0;0;0;0;0;0;0;0;0;0;0;;
2017.23 (05.06.2017 - 11.06.2017);Н;8;0;0;0;0;0;0;0;0;0;0;0;0;;
2017.24 (12.06.2017 - 18.06.2017);Н;3;0;0;0;1;0;0;0;0;0;0;0;0;;
2017.25 (19.06.2017 - 25.06.2017);Н;6;0;0;0;0;0;0;0;0;0;0;0;0;;
2017.26 (26.06.2017 - 02.07.2017);Н;10;0;0;0;0;0;0;0;0;0;0;0;0;;
2017.27 (03.07.2017 - 09.07.2017);Н;10;0;0;0;0;0;0;0;0;0;0;0;0;;
2017.28 (10.07.2017 - 16.07.2017);Н;3;0;0;0;0;0;0;0;0;0;0;0;0;;
2017.29 (17.07.2017 - 23.07.2017);;;;;;;;;;;;;;;;
2017.30 (24.07.2017 - 30.07.2017);;;;;;;;;;;;;;;;
2017.31 (31.07.2017 - 06.08.2017);Н;6;0;0;0;0;0;0;0;0;0;0;0;0;;
2017.32 (07.08.2017 - 13.08.2017);;;;;;;;;;;;;;;;
2017.33 (14.08.2017 - 20.08.2017);Н;6;0;0;0;0;0;0;0;0;0;0;0;0;;
2017.34 (21.08.2017 - 27.08.2017);;;;;;;;;;;;;;;;
2017.35 (28.08.2017 - 03.09.2017);Н;15;0;0;0;0;0;0;0;0;0;0;0;0;;
2017.36 (04.09.2017 - 10.09.2017);;;;;;;;;;;;;;;;
2017.37 (11.09.2017 - 17.09.2017);Н;11;0;0;0;0;0;0;0;0;0;0;0;0;;
2017.38 (18.09.2017 - 24.09.2017);;;;;;;;;;;;;;;;
2017.39 (25.09.2017 - 01.10.2017);Н;10;0;0;0;0;0;0;0;0;0;0;0;0;;
2017.40 (02.10.2017 - 08.10.2017);;;;;;;;;;;;;;;;
2017.41 (09.10.2017 - 15.10.2017);Н;14;0;0;0;0;0;0;0;0;0;0;0;0;;
2017.42 (16.10.2017 - 22.10.2017);Н;8;0;0;0;0;0;0;0;0;0;0;0;0;;
2017.43 (23.10.2017 - 29.10.2017);Н;13;0;0;0;0;0;0;0;0;0;0;0;0;;
2017.44 (30.10.2017 - 05.11.2017);Н;15;0;0;0;0;0;0;0;0;0;0;0;0;;
2017.45 (06.11.2017 - 12.11.2017);Н;7;0;0;0;0;3;0;0;0;0;0;0;0;;
2017.46 (13.11.2017 - 19.11.2017);Н;12;0;0;0;0;0;0;0;0;0;0;0;0;;
2017.47 (20.11.2017 - 26.11.2017);Н;12;0;0;0;0;0;0;0;0;0;0;0;0;;
2017.48 (27.11.2017 - 03.12.2017);;;;;;;;;;;;;;;;
2017.49 (04.12.2017 - 10.12.2017);Н;22;0;0;0;0;0;0;0;0;0;0;0;0;;
2017.50 (11.12.2017 - 17.12.2017);Н;12;0;0;0;0;0;0;0;0;0;0;0;0;;
2017.51 (18.12.2017 - 24.12.2017);Н;20;0;0;0;0;0;0;0;0;0;0;0;0;;
2017.52 (25.12.2017 - 31.12.2017);Н;14;0;0;0;0;0;0;0;0;0;0;0;0;;
2018.1 (01.01.2018 - 07.01.2018);;;;;;;;;;;;;;;;
2018.2 (08.01.2018 - 14.01.2018);Н;14;0;1;1;1;0;0;0;0;0;0;0;0;;
2018.3 (15.01.2018 - 21.01.2018);Н;21;0;1;2;2;0;0;0;0;0;0;0;0;;
2018.4 (22.01.2018 - 28.01.2018);Н;17;0;1;3;1;0;0;0;0;0;0;0;0;;
2018.5 (29.01.2018 - 04.02.2018);Н;32;0;0;17;2;0;0;0;0;0;0;0;0;;
2018.6 (05.02.2018 - 11.02.2018);Н;25;0;0;13;4;0;0;0;0;0;0;0;0;;
2018.7 (12.02.2018 - 18.02.2018);Н;42;0;0;25;2;0;0;0;0;0;0;0;0;;
2018.8 (19.02.2018 - 25.02.2018);Н;63;0;0;35;10;0;0;0;0;0;0;0;0;;
2018.9 (26.02.2018 - 04.03.2018);Н;52;0;1;26;8;0;0;0;0;0;0;0;0;;
2018.10 (05.03.2018 - 11.03.2018);Н;47;0;1;13;15;0;0;0;0;0;0;0;0;;
2018.11 (12.03.2018 - 18.03.2018);Н;60;0;2;23;12;0;0;0;0;0;0;0;0;;
2018.12 (19.03.2018 - 25.03.2018);Н;42;0;3;11;10;0;0;0;0;0;0;0;0;;
2018.13 (26.03.2018 - 01.04.2018);Н;27;0;0;9;4;0;0;0;0;0;0;0;0;;
2018.14 (02.04.2018 - 08.04.2018);Н;29;0;1;5;2;0;0;0;0;0;0;0;0;;
2018.15 (09.04.2018 - 15.04.2018);Н;12;0;0;4;1;0;0;0;0;0;0;0;0;;
2018.16 (16.04.2018 - 22.04.2018);Н;24;0;1;4;5;0;0;0;0;0;0;0;0;;
2018.17 (23.04.2018 - 29.04.2018);Н;21;0;0;1;4;0;0;0;0;0;0;0;0;;
2018.18 (30.04.2018 - 06.05.2018);Н;4;0;0;0;0;0;0;0;0;0;0;0;0;;
2018.19 (07.05.2018 - 13.05.2018);Н;18;0;0;2;1;0;0;0;0;0;0;0;0;;
2018.20 (14.05.2018 - 20.05.2018);Н;8;0;0;0;0;0;0;0;0;0;0;0;0;;
2018.21 (21.05.2018 - 27.05.2018);Н;9;0;0;0;0;0;0;0;0;0;0;0;0;;
2018.22 (28.05.2018 - 03.06.2018);Н;8;0;0;0;0;0;0;0;0;0;0;0;0;;
2018.23 (04.06.2018 - 10.06.2018);Н;13;0;0;0;1;0;0;0;0;0;0;0;0;;
2018.24 (11.06.2018 - 17.06.2018);Н;11;0;0;0;0;0;0;0;0;0;0;0;0;;
2018.25 (18.06.2018 - 24.06.2018);Н;9;0;0;0;0;0;0;0;0;0;0;0;0;;
2018.26 (25.06.2018 - 01.07.2018);Н;11;0;0;0;0;0;0;0;0;0;0;0;0;;
2018.27 (02.07.2018 - 08.07.2018);Н;8;0;1;0;0;0;0;0;0;0;0;0;0;;
2018.28 (09.07.2018 - 15.07.2018);Н;4;0;0;0;0;0;0;0;0;0;0;0;0;;
2018.29 (16.07.2018 - 22.07.2018);Н;5;0;0;0;0;0;0;0;0;0;0;0;0;;
2018.30 (23.07.2018 - 29.07.2018);Н;3;0;0;0;0;0;0;0;0;0;0;0;0;;
2018.31 (30.07.2018 - 05.08.2018);Н;5;0;0;0;0;0;0;0;0;0;0;0;0;;
2018.32 (06.08.2018 - 12.08.2018);Н;3;0;0;0;0;0;0;0;0;0;0;0;0;;
2018.33 (13.08.2018 - 19.08.2018);Н;3;0;0;0;0;0;0;0;0;0;0;0;0;;
2018.34 (20.08.2018 - 26.08.2018);Н;2;0;0;0;0;0;0;0;0;0;0;0;0;;
2018.35 (27.08.2018 - 02.09.2018);;;;;;;;;;;;;;;;
2018.36 (03.09.2018 - 09.09.2018);;;;;;;;;;;;;;;;
2018.37 (10.09.2018 - 16.09.2018);Н;5;0;0;0;0;0;0;0;0;0;0;0;0;;
2018.38 (17.09.2018 - 23.09.2018);Н;4;0;0;0;0;0;0;0;0;0;0;0;0;;
2018.39 (24.09.2018 - 30.09.2018);Н;6;0;0;0;0;0;0;0;0;0;0;0;0;;
2018.40 (01.10.2018 - 07.10.2018);Н;8;0;0;0;0;4;0;0;0;0;0;0;0;;
2018.41 (08.10.2018 - 14.10.2018);Н;9;0;0;0;0;0;0;0;0;0;0;0;0;;
2018.42 (15.10.2018 - 21.10.2018);Н;5;0;0;0;0;0;0;0;0;0;0;0;0;;
2018.43 (22.10.2018 - 28.10.2018);Н;6;0;0;0;0;0;0;0;0;0;0;0;0;;
2018.44 (29.10.2018 - 04.11.2018);Н;8;0;0;0;0;0;0;0;0;0;0;0;0;;
2018.45 (05.11.2018 - 11.11.2018);Н;3;0;0;0;0;0;0;0;0;0;0;0;0;;
2018.46 (12.11.2018 - 18.11.2018);Н;13;0;1;0;0;0;0;0;0;0;0;0;0;;
2018.47 (19.11.2018 - 25.11.2018);;;;;;;;;;;;;;;;
2018.48 (26.11.2018 - 02.12.2018);Н;13;0;1;0;0;0;0;0;0;0;0;0;0;;
2018.49 (03.12.2018 - 09.12.2018);Н;8;0;1;0;0;0;0;0;0;0;0;0;0;;
2018.50 (10.12.2018 - 16.12.2018);;;;;;;;;;;;;;;;
2018.51 (17.12.2018 - 23.12.2018);Н;3;0;0;0;0;0;0;0;0;0;0;0;0;;
2018.52 (24.12.2018 - 30.12.2018);Н;1;0;0;0;0;0;0;0;0;0;0;0;0;;
2019.1 (31.12.2018 - 06.01.2019);Н;3;1;0;0;0;0;0;0;0;0;0;0;0;;
2019.2 (07.01.2019 - 13.01.2019);;;;;;;;;;;;;;;;
2019.3 (14.01.2019 - 20.01.2019);;;;;;;;;;;;;;;;
2019.4 (21.01.2019 - 27.01.2019);;;;;;;;;;;;;;;;
2019.5 (28.01.2019 - 03.02.2019);;;;;;;;;;;;;;;;
2019.6 (04.02.2019 - 10.02.2019);Н;17;0;3;0;0;13;0;0;3;0;0;0;0;;
2019.7 (11.02.2019 - 17.02.2019);Н;6;0;2;0;0;0;0;0;0;0;0;0;0;;
2019.8 (18.02.2019 - 24.02.2019);Н;7;0;1;1;0;0;0;0;0;0;0;0;0;;
2019.9 (25.02.2019 - 03.03.2019);Н;49;0;3;0;0;0;0;0;0;0;0;0;0;;
2019.10 (04.03.2019 - 10.03.2019);Н;1;0;0;0;0;0;0;0;0;0;0;0;0;;
2019.11 (11.03.2019 - 17.03.2019);Н;6;0;3;0;0;0;0;0;0;0;0;0;0;;
2019.12 (18.03.2019 - 24.03.2019);Н;23;0;0;0;0;0;0;0;0;0;0;0;0;;
2019.13 (25.03.2019 - 31.03.2019);;;;;;;;;;;;;;;;
2019.14 (01.04.2019 - 07.04.2019);;;;;;;;;;;;;;;;
2019.15 (08.04.2019 - 14.04.2019);Н;2;0;0;0;0;0;0;0;0;0;0;0;0;;
2019.16 (15.04.2019 - 21.04.2019);Н;16;0;0;0;0;0;0;0;0;0;0;0;0;;
2019.17 (22.04.2019 - 28.04.2019);;;;;;;;;;;;;;;;
2019.18 (29.04.2019 - 05.05.2019);Н;1;0;0;0;0;0;0;0;0;0;0;0;0;;
2019.19 (06.05.2019 - 12.05.2019);;;;;;;;;;;;;;;;
2019.20 (13.05.2019 - 19.05.2019);;;;;;;;;;;;;;;;
2019.21 (20.05.2019 - 26.05.2019);Н;10;0;0;0;0;10;0;0;1;0;0;0;0;;
2019.22 (27.05.2019 - 02.06.2019);;;;;;;;;;;;;;;;
2019.23 (03.06.2019 - 09.06.2019);;;;;;;;;;;;;;;;
2019.24 (10.06.2019 - 16.06.2019);;;;;;;;;;;;;;;;
2019.25 (17.06.2019 - 23.06.2019);;;;;;;;;;;;;;;;
2019.26 (24.06.2019 - 30.06.2019);;;;;;;;;;;;;;;;
2019.27 (01.07.2019 - 07.07.2019);;;;;;;;;;;;;;;;
2019.28 (08.07.2019 - 14.07.2019);;;;;;;;;;;;;;;;
2019.29 (15.07.2019 - 21.07.2019);;;;;;;;;;;;;;;;
2019.30 (22.07.2019 - 28.07.2019);;;;;;;;;;;;;;;;
2019.31 (29.07.2019 - 04.08.2019);;;;;;;;;;;;;;;;
2019.32 (05.08.2019 - 11.08.2019);Н;6;0;0;0;0;6;0;0;0;0;0;0;0;;
2019.33 (12.08.2019 - 18.08.2019);;;;;;;;;;;;;;;;
2019.34 (19.08.2019 - 25.08.2019);;;;;;;;;;;;;;;;
2019.35 (26.08.2019 - 01.09.2019);;;;;;;;;;;;;;;;
2019.36 (02.09.2019 - 08.09.2019);;;;;;;;;;;;;;;;
2019.37 (09.09.2019 - 15.09.2019);;;;;;;;;;;;;;;;
2019.38 (16.09.2019 - 22.09.2019);Н;1;0;0;0;0;0;0;0;0;0;0;0;0;;
2019.39 (23.09.2019 - 29.09.2019);;;;;;;;;;;;;;;;
2019.40 (30.09.2019 - 06.10.2019);;;;;;;;;;;;;;;;
2019.41 (07.10.2019 - 13.10.2019);;;;;;;;;;;;;;;;
2019.42 (14.10.2019 - 20.10.2019);;;;;;;;;;;;;;;;
2019.43 (21.10.2019 - 27.10.2019);;;;;;;;;;;;;;;;
2019.44 (28.10.2019 - 03.11.2019);Н;6;0;0;0;0;6;0;0;0;0;0;0;0;;
2019.45 (04.11.2019 - 10.11.2019);;;;;;;;;;;;;;;;
2019.46 (11.11.2019 - 17.11.2019);;;;;;;;;;;;;;;;
2019.47 (18.11.2019 - 24.11.2019);;;;;;;;;;;;;;;;
2019.48 (25.11.2019 - 01.12.2019);Н;1;0;0;0;0;0;0;0;0;0;0;0;0;;
2019.49 (02.12.2019 - 08.12.2019);Н;1;0;0;0;0;0;0;0;0;0;0;0;0;;
2019.50 (09.12.2019 - 15.12.2019);;;;;;;;;;;;;;;;
2019.51 (16.12.2019 - 22.12.2019);Н;3;0;0;0;0;0;0;0;0;0;0;0;0;;
2019.52 (23.12.2019 - 29.12.2019);;;;;;;;;;;;;;;;
2020.1 (30.12.2019 - 05.01.2020);Н;1;0;0;0;0;0;0;0;0;0;0;0;0;;
2020.2 (06.01.2020 - 12.01.2020);Н;1;0;0;0;0;0;0;0;0;0;0;0;0;;
2020.3 (13.01.2020 - 19.01.2020);Н;12;0;1;0;3;0;0;0;0;0;0;0;0;;
2020.4 (20.01.2020 - 26.01.2020);Н;21;0;4;0;0;0;0;0;0;0;0;0;0;;
2020.5 (27.01.2020 - 02.02.2020);;;;;;;;;;;;;;;;
2020.6 (03.02.2020 - 09.02.2020);Н;22;0;3;1;3;0;0;0;0;0;0;0;0;;
2020.7 (10.02.2020 - 16.02.2020);Н;28;0;2;0;1;0;0;0;0;0;0;0;0;;
2020.8 (17.02.2020 - 23.02.2020);Н;43;0;6;0;1;0;0;0;0;0;0;0;0;;
2020.9 (24.02.2020 - 01.03.2020);;;;;;;;;;;;;;;;
2020.10 (02.03.2020 - 08.03.2020);Н;128;0;7;1;5;0;0;0;0;0;0;0;0;;
2020.11 (09.03.2020 - 15.03.2020);Н;57;0;10;1;4;0;0;0;0;0;0;0;0;;
2020.12 (16.03.2020 - 22.03.2020);Н;56;0;11;1;3;0;0;0;0;0;0;0;0;;
2020.13 (23.03.2020 - 29.03.2020);Н;37;0;1;1;4;0;0;0;0;0;0;0;0;;
2020.14 (30.03.2020 - 05.04.2020);;;;;;;;;;;;;;;;
2020.15 (06.04.2020 - 12.04.2020);Н;13;0;0;0;0;0;0;0;0;0;0;0;0;0;0
2020.16 (13.04.2020 - 19.04.2020);Н;48;0;0;0;0;0;0;0;0;0;0;0;0;0;0
2020.17 (20.04.2020 - 26.04.2020);Н;10;0;0;0;0;0;0;0;0;0;0;0;0;0;0
2020.18 (27.04.2020 - 03.05.2020);;;;;;;;;;;;;;;;
2020.19 (04.05.2020 - 10.05.2020);Н;12;0;0;0;0;12;0;0;0;0;0;0;0;0;0
2020.20 (11.05.2020 - 17.05.2020);;;;;;;;;;;;;;;;
2020.21 (18.05.2020 - 24.05.2020);;;;;;;;;;;;;;;;
2020.22 (25.05.2020 - 31.05.2020);;;;;;;;;;;;;;;;
2020.23 (01.06.2020 - 07.06.2020);;;;;;;;;;;;;;;;
2020.24 (08.06.2020 - 14.06.2020);;;;;;;;;;;;;;;;
2020.25 (15.06.2020 - 21.06.2020);;;;;;;;;;;;;;;;
2020.26 (22.06.2020 - 28.06.2020);;;;;;;;;;;;;;;;
2020.27 (29.06.2020 - 05.07.2020);;;;;;;;;;;;;;;;
2020.28 (06.07.2020 - 12.07.2020);;;;;;;;;;;;;;;;
2020.29 (13.07.2020 - 19.07.2020);;;;;;;;;;;;;;;;
2020.30 (20.07.2020 - 26.07.2020);Н;16;0;0;0;0;0;0;0;0;0;0;0;0;0;0
2020.31 (27.07.2020 - 02.08.2020);;;;;;;;;;;;;;;;
2020.32 (03.08.2020 - 09.08.2020);;;;;;;;;;;;;;;;
2020.33 (10.08.2020 - 16.08.2020);;;;;;;;;;;;;;;;
2020.34 (17.08.2020 - 23.08.2020);;;;;;;;;;;;;;;;
2020.35 (24.08.2020 - 30.08.2020);;;;;;;;;;;;;;;;
2020.36 (31.08.2020 - 06.09.2020);;;;;;;;;;;;;;;;
2020.37 (07.09.2020 - 13.09.2020);;;;;;;;;;;;;;;;
2020.38 (14.09.2020 - 20.09.2020);;;;;;;;;;;;;;;;
2020.39 (21.09.2020 - 27.09.2020);;;;;;;;;;;;;;;;
2020.40 (28.09.2020 - 04.10.2020);;;;;;;;;;;;;;;;
2020.41 (05.10.2020 - 11.10.2020);Н;1;0;0;0;0;0;0;0;0;0;0;0;0;0;0
2020.42 (12.10.2020 - 18.10.2020);;;;;;;;;;;;;;;;
2020.43 (19.10.2020 - 25.10.2020);;;;;;;;;;;;;;;;
2020.44 (26.10.2020 - 01.11.2020);;;;;;;;;;;;;;;;
2020.45 (02.11.2020 - 08.11.2020);;;;;;;;;;;;;;;;
2020.46 (09.11.2020 - 15.11.2020);;;;;;;;;;;;;;;;
2020.47 (16.11.2020 - 22.11.2020);Н;2;0;0;0;0;2;0;0;0;0;0;0;0;0;0
2020.48 (23.11.2020 - 29.11.2020);;;;;;;;;;;;;;;;
2020.49 (30.11.2020 - 06.12.2020);Н;38;0;0;0;0;0;0;0;0;0;0;0;0;0;0
2020.50 (07.12.2020 - 13.12.2020);;;;;;;;;;;;;;;;
2020.51 (14.12.2020 - 20.12.2020);;;;;;;;;;;;;;;;
2020.52 (21.12.2020 - 27.12.2020);;;;;;;;;;;;;;;;
2020.53 (28.12.2020 - 03.01.2021);;;;;;;;;;;;;;;;
2021.1 (04.01.2021 - 10.01.2021);;;;;;;;;;;;;;;;
2021.2 (11.01.2021 - 17.01.2021);;;;;;;;;;;;;;;;
2021.3 (18.01.2021 - 24.01.2021);;;;;;;;;;;;;;;;
2021.4 (25.01.2021 - 31.01.2021);;;;;;;;;;;;;;;;
2021.5 (01.02.2021 - 07.02.2021);;;;;;;;;;;;;;;;
2021.6 (08.02.2021 - 14.02.2021);;;;;;;;;;;;;;;;
2021.7 (15.02.2021 - 21.02.2021);;;;;;;;;;;;;;;;
2021.8 (22.02.2021 - 28.02.2021);;;;;;;;;;;;;;;;
2021.9 (01.03.2021 - 07.03.2021);;;;;;;;;;;;;;;;
2021.10 (08.03.2021 - 14.03.2021);;;;;;;;;;;;;;;;
2021.11 (15.03.2021 - 21.03.2021);;;;;;;;;;;;;;;;
2021.12 (22.03.2021 - 28.03.2021);;;;;;;;;;;;;;;;
2021.13 (29.03.2021 - 04.04.2021);;;;;;;;;;;;;;;;
2021.14 (05.04.2021 - 11.04.2021);;;;;;;;;;;;;;;;
2021.15 (12.04.2021 - 18.04.2021);;;;;;;;;;;;;;;;
2021.16 (19.04.2021 - 25.04.2021);;;;;;;;;;;;;;;;
2021.17 (26.04.2021 - 02.05.2021);;;;;;;;;;;;;;;;
2021.18 (03.05.2021 - 09.05.2021);;;;;;;;;;;;;;;;
2021.19 (10.05.2021 - 16.05.2021);;;;;;;;;;;;;;;;
2021.20 (17.05.2021 - 23.05.2021);;;;;;;;;;;;;;;;
2021.21 (24.05.2021 - 30.05.2021);;;;;;;;;;;;;;;;
2021.22 (31.05.2021 - 06.06.2021);;;;;;;;;;;;;;;;
2021.23 (07.06.2021 - 13.06.2021);;;;;;;;;;;;;;;;
2021.24 (14.06.2021 - 20.06.2021);;;;;;;;;;;;;;;;
2021.25 (21.06.2021 - 27.06.2021);;;;;;;;;;;;;;;;
2021.26 (28.06.2021 - 04.07.2021);;;;;;;;;;;;;;;;
2021.27 (05.07.2021 - 11.07.2021);;;;;;;;;;;;;;;;
2021.28 (12.07.2021 - 18.07.2021);;;;;;;;;;;;;;;;
2021.29 (19.07.2021 - 25.07.2021);;;;;;;;;;;;;;;;
2021.30 (26.07.2021 - 01.08.2021);;;;;;;;;;;;;;;;
2021.31 (02.08.2021 - 08.08.2021);;;;;;;;;;;;;;;;
2021.32 (09.08.2021 - 15.08.2021);;;;;;;;;;;;;;;;
2021.33 (16.08.2021 - 22.08.2021);;;;;;;;;;;;;;;;
2021.34 (23.08.2021 - 29.08.2021);;;;;;;;;;;;;;;;
2021.35 (30.08.2021 - 05.09.2021);;;;;;;;;;;;;;;;
2021.36 (06.09.2021 - 12.09.2021);;;;;;;;;;;;;;;;
2021.37 (13.09.2021 - 19.09.2021);;;;;;;;;;;;;;;;
2021.38 (20.09.2021 - 26.09.2021);;;;;;;;;;;;;;;;
2021.39 (27.09.2021 - 03.10.2021);;;;;;;;;;;;;;;;
2021.40 (04.10.2021 - 10.10.2021);;;;;;;;;;;;;;;;
2021.41 (11.10.2021 - 17.10.2021);;;;;;;;;;;;;;;;
2021.42 (18.10.2021 - 24.10.2021);;;;;;;;;;;;;;;;
2021.43 (25.10.2021 - 31.10.2021);;;;;;;;;;;;;;;;
2021.44 (01.11.2021 - 07.11.2021);;;;;;;;;;;;;;;;
2021.45 (08.11.2021 - 14.11.2021);;;;;;;;;;;;;;;;
2021.46 (15.11.2021 - 21.11.2021);;;;;;;;;;;;;;;;
2021.47 (22.11.2021 - 28.11.2021);;;;;;;;;;;;;;;;
2021.48 (29.11.2021 - 05.12.2021);Н;1;0;0;0;0;1;0;0;0;0;0;0;0;0;0
2021.49 (06.12.2021 - 12.12.2021);;;;;;;;;;;;;;;;
2021.50 (13.12.2021 - 19.12.2021);Н;3;0;0;0;0;0;0;0;0;0;0;0;0;0;0
2021.51 (20.12.2021 - 26.12.2021);Н;2;0;0;0;0;0;0;0;0;0;0;0;0;0;0
2021.52 (27.12.2021 - 02.01.2022);Н;1;0;0;0;0;0;0;0;0;0;0;0;0;0;0
2022.1 (03.01.2022 - 09.01.2022);;;;;;;;;;;;;;;;
2022.2 (10.01.2022 - 16.01.2022);;;;;;;;;;;;;;;;
2022.3 (17.01.2022 - 23.01.2022);;;;;;;;;;;;;;;;
2022.4 (24.01.2022 - 30.01.2022);Н;25;0;0;0;0;0;0;0;0;0;0;0;0;0;0
2022.5 (31.01.2022 - 06.02.2022);;;;;;;;;;;;;;;;
2022.6 (07.02.2022 - 13.02.2022);;;;;;;;;;;;;;;;
2022.7 (14.02.2022 - 20.02.2022);;;;;;;;;;;;;;;;
2022.8 (21.02.2022 - 27.02.2022);Н;1;0;0;0;0;0;0;0;0;0;0;0;0;0;0
2022.9 (28.02.2022 - 06.03.2022);;;;;;;;;;;;;;;;
2022.10 (07.03.2022 - 13.03.2022);;;;;;;;;;;;;;;;
2022.11 (14.03.2022 - 20.03.2022);;;;;;;;;;;;;;;;
2022.12 (21.03.2022 - 27.03.2022);;;;;;;;;;;;;;;;
2022.13 (28.03.2022 - 03.04.2022);;;;;;;;;;;;;;;;
2022.14 (04.04.2022 - 10.04.2022);;;;;;;;;;;;;;;;
2022.15 (11.04.2022 - 17.04.2022);;;;;;;;;;;;;;;;
2022.16 (18.04.2022 - 24.04.2022);;;;;;;;;;;;;;;;
2022.17 (25.04.2022 - 01.05.2022);;;;;;;;;;;;;;;;
2022.18 (02.05.2022 - 08.05.2022);Н;0;0;0;0;0;0;0;0;0;0;0;0;0;0;0
2022.19 (09.05.2022 - 15.05.2022);;;;;;;;;;;;;;;;
2022.20 (16.05.2022 - 22.05.2022);;;;;;;;;;;;;;;;
2022.21 (23.05.2022 - 29.05.2022);;;;;;;;;;;;;;;;
2022.22 (30.05.2022 - 05.06.2022);;;;;;;;;;;;;;;;
2022.23 (06.06.2022 - 12.06.2022);;;;;;;;;;;;;;;;
2022.24 (13.06.2022 - 19.06.2022);;;;;;;;;;;;;;;;
2022.25 (20.06.2022 - 26.06.2022);;;;;;;;;;;;;;;;
2022.26 (27.06.2022 - 03.07.2022);;;;;;;;;;;;;;;;
2022.27 (04.07.2022 - 10.07.2022);;;;;;;;;;;;;;;;
2022.28 (11.07.2022 - 17.07.2022);;;;;;;;;;;;;;;;
2022.29 (18.07.2022 - 24.07.2022);;;;;;;;;;;;;;;;
2022.30 (25.07.2022 - 31.07.2022);;;;;;;;;;;;;;;;
2022.31 (01.08.2022 - 07.08.2022);;;;;;;;;;;;;;;;
2022.32 (08.08.2022 - 14.08.2022);;;;;;;;;;;;;;;;
2022.33 (15.08.2022 - 21.08.2022);;;;;;;;;;;;;;;;
2022.34 (22.08.2022 - 28.08.2022);;;;;;;;;;;;;;;;
2022.35 (29.08.2022 - 04.09.2022);;;;;;;;;;;;;;;;
2022.36 (05.09.2022 - 11.09.2022);;;;;;;;;;;;;;;;
2022.37 (12.09.2022 - 18.09.2022);;;;;;;;;;;;;;;;
2022.38 (19.09.2022 - 25.09.2022);;;;;;;;;;;;;;;;
2022.39 (26.09.2022 - 02.10.2022);;;;;;;;;;;;;;;;
2022.40 (03.10.2022 - 09.10.2022);;;;;;;;;;;;;;;;
2022.41 (10.10.2022 - 16.10.2022);;;;;;;;;;;;;;;;
2022.42 (17.10.2022 - 23.10.2022);;;;;;;;;;;;;;;;
2022.43 (24.10.2022 - 30.10.2022);;;;;;;;;;;;;;;;
2022.44 (31.10.2022 - 06.11.2022);;;;;;;;;;;;;;;;
2022.45 (07.11.2022 - 13.11.2022);;;;;;;;;;;;;;;;
2022.46 (14.11.2022 - 20.11.2022);;;;;;;;;;;;;;;;
2022.47 (21.11.2022 - 27.11.2022);;;;;;;;;;;;;;;;
2022.48 (28.11.2022 - 04.12.2022);Н;0;0;0;0;0;0;0;0;0;0;0;0;0;0;0
2022.49 (05.12.2022 - 11.12.2022);;;;;;;;;;;;;;;;
2022.50 (12.12.2022 - 18.12.2022);;;;;;;;;;;;;;;;
2022.51 (19.12.2022 - 25.12.2022);Н;10;0;2;0;0;0;0;0;0;0;0;0;0;0;0
2022.52 (26.12.2022 - 01.01.2023);Н;2;0;0;0;0;0;0;0;0;0;0;0;0;0;0
2023.1 (02.01.2023 - 08.01.2023);;;;;;;;;;;;;;;;
2023.2 (09.01.2023 - 15.01.2023);;;;;;;;;;;;;;;;
2023.3 (16.01.2023 - 22.01.2023);Н;2;0;0;0;0;0;0;0;0;0;0;0;0;0;0
2023.4 (23.01.2023 - 29.01.2023);Н;2;0;0;0;0;0;0;0;0;0;0;0;0;0;0
2023.5 (30.01.2023 - 05.02.2023);Н;2;0;0;0;0;0;0;0;0;0;0;0;0;0;0
2023.6 (06.02.2023 - 12.02.2023);Н;40;0;0;0;0;0;0;0;0;0;0;0;0;0;0
2023.7 (13.02.2023 - 19.02.2023);Н;66;0;0;0;3;66;3;0;5;0;0;0;0;0;0
2023.8 (20.02.2023 - 26.02.2023);Н;87;0;0;0;3;87;0;0;0;0;0;0;0;0;0
2023.9 (27.02.2023 - 05.03.2023);Н;119;0;0;0;5;28;2;0;1;0;3;1;0;0;0
2023.10 (06.03.2023 - 12.03.2023);Н;46;0;0;0;0;17;0;0;2;1;1;0;0;0;0
2023.11 (13.03.2023 - 19.03.2023);Н;89;0;0;0;1;89;0;0;0;1;0;2;0;0;0
2023.12 (20.03.2023 - 26.03.2023);Н;132;0;0;0;0;132;0;0;5;0;2;0;0;0;0
2023.13 (27.03.2023 - 02.04.2023);Н;62;0;0;0;0;62;1;0;0;0;0;1;0;62;1
2023.14 (03.04.2023 - 09.04.2023);Н;27;0;0;0;0;27;1;0;0;1;0;0;0;27;0
2023.15 (10.04.2023 - 16.04.2023);Н;47;0;0;0;0;47;0;0;0;2;3;0;0;47;0
2023.16 (17.04.2023 - 23.04.2023);Н;22;0;0;0;0;22;0;0;1;1;1;0;1;22;0
2023.17 (24.04.2023 - 30.04.2023);Н;18;0;0;0;0;18;0;0;0;2;0;0;0;18;0
2023.18 (01.05.2023 - 07.05.2023);Н;12;0;0;0;0;12;0;0;0;0;2;0;0;12;0
2023.19 (08.05.2023 - 14.05.2023);Н;12;0;0;0;0;12;0;0;0;1;3;0;0;12;0
2023.20 (15.05.2023 - 21.05.2023);Н;10;0;0;0;0;10;1;0;0;0;0;0;1;0;0
2023.21 (22.05.2023 - 28.05.2023);Н;9;0;0;0;0;9;0;0;0;1;1;0;0;9;1
2023.22 (29.05.2023 - 04.06.2023);Н;5;0;0;0;0;5;2;0;0;0;1;0;1;5;0
2023.23 (05.06.2023 - 11.06.2023);Н;10;0;0;0;0;10;1;0;0;0;0;0;1;10;0
2023.24 (12.06.2023 - 18.06.2023);Н;9;0;0;0;0;9;1;0;0;0;0;0;1;9;0
2023.25 (19.06.2023 - 25.06.2023);Н;8;0;0;0;0;8;1;0;0;0;0;0;0;8;0
2023.26 (26.06.2023 - 02.07.2023);Н;8;0;0;0;0;8;0;0;0;2;0;0;0;8;0
2023.27 (03.07.2023 - 09.07.2023);Н;2;0;0;0;0;2;0;0;0;0;0;0;0;2;0
2023.28 (10.07.2023 - 16.07.2023);Н;40;0;0;0;0;40;2;0;0;4;0;0;0;40;0
2023.29 (17.07.2023 - 23.07.2023);Н;54;0;0;0;0;54;0;0;0;1;0;0;0;54;0
2023.30 (24.07.2023 - 30.07.2023);Н;43;0;0;0;0;43;0;0;0;4;0;0;0;43;0
2023.31 (31.07.2023 - 06.08.2023);Н;55;0;0;0;0;55;2;0;0;5;0;0;0;55;0
2023.32 (07.08.2023 - 13.08.2023);Н;43;0;0;0;0;43;0;0;0;3;0;0;1;43;0
2023.33 (14.08.2023 - 20.08.2023);Н;67;0;0;0;0;67;0;0;0;5;3;0;0;67;0
2023.34 (21.08.2023 - 27.08.2023);Н;99;0;0;0;0;99;2;0;0;9;1;0;3;99;0
2023.35 (28.08.2023 - 03.09.2023);Н;73;0;0;0;0;73;0;0;0;5;2;0;0;73;0
2023.36 (04.09.2023 - 10.09.2023);Н;66;0;0;0;0;66;3;2;0;9;0;0;0;66;0
2023.37 (11.09.2023 - 17.09.2023);;;;;;;;;;;;;;;;
2023.38 (18.09.2023 - 24.09.2023);Н;61;0;0;0;0;61;1;0;0;22;0;0;1;61;0
2023.39 (25.09.2023 - 01.10.2023);Н;57;0;0;0;0;57;1;0;0;28;7;0;1;57;0
2023.40 (02.10.2023 - 08.10.2023);;;;;;;;;;;;;;;;
2023.41 (09.10.2023 - 15.10.2023);Н;81;0;0;0;0;81;0;4;0;21;2;0;2;81;0
2023.42 (16.10.2023 - 22.10.2023);Н;95;0;0;0;0;95;0;0;0;12;0;0;0;95;2
2023.43 (23.10.2023 - 29.10.2023);;;;;;;;;;;;;;;;
2023.44 (30.10.2023 - 05.11.2023);;;;;;;;;;;;;;;;
2023.45 (06.11.2023 - 12.11.2023);Н;317;0;0;1;0;317;0;1;0;13;4;0;2;317;0
2023.46 (13.11.2023 - 19.11.2023);Н;362;0;0;1;0;362;1;4;0;29;7;1;1;362;51
2023.47 (20.11.2023 - 26.11.2023);Н;426;0;0;5;0;426;0;0;0;21;5;0;1;426;46
2023.48 (27.11.2023 - 03.12.2023);Н;476;0;0;9;1;476;0;0;0;21;7;0;0;476;69
2023.49 (04.12.2023 - 10.12.2023);Н;446;0;0;18;0;446;3;2;1;19;15;0;0;446;78
2023.50 (11.12.2023 - 17.12.2023);Н;468;0;0;11;0;468;1;1;3;10;15;0;0;468;78
2023.51 (18.12.2023 - 24.12.2023);Н;743;0;0;30;0;743;2;1;2;6;28;0;0;743;94
2023.52 (25.12.2023 - 31.12.2023);Н;579;0;0;57;0;699;4;5;6;6;13;1;0;579;62
2024.1 (01.01.2024 - 07.01.2024);;;;;;;;;;;;;;;;
2024.2 (08.01.2024 - 14.01.2024);Н;623;0;0;139;0;623;0;11;4;7;10;5;3;623;46
2024.3 (15.01.2024 - 21.01.2024);Н;557;0;0;91;0;557;1;3;13;3;12;7;2;557;17
2024.4 (22.01.2024 - 28.01.2024);Н;477;0;0;60;0;477;1;2;12;4;8;7;1;477;26
2024.5 (29.01.2024 - 04.02.2024);Н;473;0;0;41;0;473;1;5;7;7;10;10;0;473;26
2024.6 (05.02.2024 - 11.02.2024);Н;376;0;0;27;0;376;2;1;10;2;10;8;0;376;22
2024.7 (12.02.2024 - 18.02.2024);Н;256;0;0;13;0;256;0;0;14;1;8;6;0;256;194
2024.8 (19.02.2024 - 25.02.2024);Н;288;0;0;12;0;288;4;2;13;3;14;18;3;288;47
2024.9 (26.02.2024 - 03.03.2024);Н;329;0;0;7;1;329;3;0;16;5;3;20;0;329;52
2024.10 (04.03.2024 - 10.03.2024);Н;273;0;0;3;0;273;1;3;12;5;13;21;0;273;38
2024.11 (11.03.2024 - 17.03.2024);Н;229;0;0;3;0;229;1;3;7;9;15;18;0;229;38
2024.12 (18.03.2024 - 24.03.2024);Н;326;0;0;2;0;326;1;0;6;7;17;8;0;326;37
2024.13 (25.03.2024 - 31.03.2024);Н;240;0;0;3;1;240;7;2;7;6;14;16;1;240;18
2024.14 (01.04.2024 - 07.04.2024);Н;269;0;0;1;0;269;10;1;10;17;16;22;1;269;23
2024.15 (08.04.2024 - 14.04.2024);Н;135;0;0;0;1;135;6;1;3;11;15;4;0;135;7
2024.16 (15.04.2024 - 21.04.2024);Н;82;0;0;0;0;82;2;0;2;4;5;1;0;82;1
2024.17 (22.04.2024 - 28.04.2024);Н;46;0;0;0;1;46;1;0;1;6;3;1;0;46;1
2024.18 (29.04.2024 - 05.05.2024);;;;;;;;;;;;;;;;
2024.19 (06.05.2024 - 12.05.2024);Н;56;0;0;0;0;56;1;0;0;12;1;2;1;56;0
2024.20 (13.05.2024 - 19.05.2024);Н;68;0;0;0;0;68;1;0;0;9;6;1;1;68;0
2024.21 (20.05.2024 - 26.05.2024);Н;70;0;0;0;0;70;2;1;0;8;2;0;0;70;1
2024.22 (27.05.2024 - 02.06.2024);Н;52;0;0;0;0;58;1;0;1;10;0;0;0;58;0
2024.23 (03.06.2024 - 09.06.2024);Н;47;0;0;0;1;47;0;0;0;5;0;0;0;47;0
2024.24 (10.06.2024 - 16.06.2024);Н;25;0;0;0;0;25;2;0;0;0;0;0;0;25;0
2024.25 (17.06.2024 - 23.06.2024);Н;49;0;0;0;0;49;1;0;0;4;0;0;0;49;0
2024.26 (24.06.2024 - 30.06.2024);Н;42;0;0;0;0;42;1;1;0;5;0;0;0;42;0
2024.27 (01.07.2024 - 07.07.2024);Н;61;0;0;0;0;61;1;1;0;7;1;0;1;61;0
2024.28 (08.07.2024 - 14.07.2024);Н;53;0;0;0;0;53;1;1;0;3;0;0;0;53;0
2024.29 (15.07.2024 - 21.07.2024);Н;53;0;0;0;0;53;1;0;0;13;0;0;0;53;0
2024.30 (22.07.2024 - 28.07.2024);Н;52;0;0;0;0;52;1;0;0;3;0;0;0;52;1
2024.31 (29.07.2024 - 04.08.2024);;;;;;;;;;;;;;;;
2024.32 (05.08.2024 - 11.08.2024);Н;26;0;0;0;0;26;0;0;0;3;0;0;1;26;0
2024.33 (12.08.2024 - 18.08.2024);Н;29;0;0;0;0;29;0;0;0;1;1;0;0;29;0
2024.34 (19.08.2024 - 25.08.2024);Н;24;0;0;0;0;24;1;1;0;1;0;0;0;24;0
2024.35 (26.08.2024 - 01.09.2024);Н;32;0;0;0;0;32;0;0;0;4;0;0;0;32;0
2024.36 (02.09.2024 - 08.09.2024);;;;;;;;;;;;;;;;
2024.37 (09.09.2024 - 15.09.2024);;;;;;;;;;;;;;;;
2024.38 (16.09.2024 - 22.09.2024);Н;22;0;0;0;0;22;1;0;0;5;0;0;0;22;2
2024.39 (23.09.2024 - 29.09.2024);Н;216;0;0;0;0;216;1;2;0;46;4;0;0;216;0
2024.40 (30.09.2024 - 06.10.2024);Н;409;0;0;0;0;409;7;1;0;46;9;0;0;409;0
2024.41 (07.10.2024 - 13.10.2024);Н;345;0;0;0;0;345;7;2;0;51;5;0;5;345;0
2024.42 (14.10.2024 - 20.10.2024);Н;481;0;0;0;0;481;11;5;0;56;13;0;5;481;0
2024.43 (21.10.2024 - 27.10.2024);Н;475;0;0;0;0;475;11;6;0;42;26;0;8;475;6
2024.44 (28.10.2024 - 03.11.2024);Н;475;0;0;0;0;475;11;4;0;40;32;0;15;475;2
;;;;;;;;;;;;;;;;
